mean_hr,std_hr,label,min_hr,max_hr,range_hr
61.005824859337686,1.8317071164629706,Low,55.402440103989456,62.305299159897196,6.90285905590774
75.3,1.43,Normal,70.06751848174233,81.1505936587117,11.083075176969373
72.3,2.43,Normal,66.81415763924913,77.08389682437479,10.269739185125658
56.644250024128375,4.002166505163829,Low,54.43041259936373,62.82374747208705,8.393334872723322
109.03729639646002,-0.056454794453464796,Elevated,106.7832344631468,112.56631248223145,5.783078019084655
43.25491929865226,3.2958945497676995,Low,38.96858651607694,48.32426089784589,9.35567438176895
71.5,4.33,Normal,69.04610591503764,76.2869486614566,7.240842746418963
114.8,2.79,Elevated,111.64099418834492,118.55588568282255,6.914891494477629
50.02875311888507,1.6596543840440146,Low,47.180037819011105,54.617057576047785,7.43701975703668
83.8,2.52,Normal,78.69946870655554,87.34039091440769,8.640922207852157
74.5,2.1,Normal,72.20382139306363,79.09985572311106,6.896034330047428
109.89839667425801,1.2561060212594408,Elevated,108.97231887089615,114.71142642665711,5.739107555760967
83.44496767235327,1.6766268454606192,Normal,79.20974771708761,87.69801517373159,8.488267456643982
68.5,1.3,Normal,63.687924164419286,73.31463143752009,9.626707273100806
74.35817184536135,2.7661053496995667,Normal,71.34532227516799,75.42656726166979,4.081244986501801
115.21425126261241,3.449061430334775,Elevated,108.39214607646876,118.687430463182,10.295284386713234
112.5,2.31,Elevated,107.78974255263087,114.90311200550971,7.1133694528788425
51.1,2.67,Low,48.936899433780944,53.883164539157185,4.946265105376241
48.3,1.03,Low,45.450643557286895,51.19707723784224,5.7464336805553415
112.60673988436157,2.876192489902782,Elevated,108.0024994636387,118.58256629498203,10.58006683134333
109.2,4.87,Elevated,106.73652376189949,114.3831706777444,7.6466469158449115
54.40178397168465,2.8935862945248436,Low,50.541677643861604,59.680002910714336,9.138325266852732
57.0,1.11,Low,52.14702085110802,59.14939275499686,7.002371903888843
56.81606384459102,-0.03649120759956781,Low,54.612754806527946,59.144693350556686,4.5319385440287405
73.84971608059594,1.5559911099595345,Normal,67.4399974737254,79.74066118447784,12.300663710752445
45.7,4.46,Low,42.3438808358052,49.06321416101208,6.719333325206875
55.788540277622545,1.1659694190189396,Low,52.29594718537718,60.68191306226007,8.385965876882892
76.32499133254193,4.9657087491645395,Normal,75.5328382434518,82.91424717539867,7.381408931946865
74.46532151801725,1.519395736060484,Normal,72.72473497349812,78.72906065244825,6.0043256789501385
51.9,4.34,Low,46.666410607534154,56.78980846104602,10.123397853511868
74.0,3.47,Normal,70.45305861479785,76.0930877429433,5.640029128145443
109.9,3.03,Elevated,106.76063802249014,113.4940189375895,6.73338091509936
57.914236830767166,1.8987551254113544,Low,53.1172119048427,63.60171802771849,10.484506122875793
52.1,4.27,Low,49.475925438230256,56.52571623863836,7.049790800408104
56.8,3.28,Low,51.21155896018969,60.51597610950007,9.304417149310382
60.5,4.92,Normal,57.94202455739183,64.77323441334188,6.83120985595005
74.39555045097914,3.8924213357297486,Normal,70.71786699809056,79.17142818055451,8.453561182463957
79.4914967204315,-0.34374872570983617,Normal,75.68566158437382,86.97964865547463,11.293987071100815
76.0,3.03,Normal,70.67022943679831,80.6078450380104,9.937615601212087
120.64980531941121,3.701409280927022,Elevated,118.9470222057284,121.47718333983804,2.5301611341096333
60.366849063342144,4.667050385348454,Low,56.48220345127517,62.952595895622665,6.470392444347496
65.89171732318815,4.782762078923981,Normal,61.09601048566905,70.68713020235836,9.591119716689313
72.89754889137316,2.608299411192041,Normal,70.72013609908052,76.105610247014,5.385474147933479
108.02250549833953,4.004978375736585,Elevated,102.83355147337423,112.72218261480614,9.888631141431915
119.4,3.05,Elevated,116.75511485098399,121.71382552536907,4.958710674385088
76.78959978128475,1.8670598812211239,Normal,72.42667234657227,78.43911647678459,6.012444130212316
70.7,3.82,Normal,66.06006381586329,75.91392372153939,9.853859905676103
75.95815948329447,4.85818977749213,Normal,75.53730938521713,83.3181290012676,7.780819616050465
76.55253315234744,2.0709774850037723,Normal,70.76493064911494,78.97441567655743,8.209485027442483
77.7,3.36,Normal,73.72481761454245,81.78897304021922,8.064155425676773
52.4,2.32,Low,49.61606855032342,57.18411918669989,7.568050636376469
74.8,4.61,Normal,68.85245225359793,77.97436737705797,9.121915123460042
41.49342132698096,3.2763268857974532,Low,35.42685678050637,46.964440124002586,11.537583343496216
73.68874632010596,3.75458428185937,Normal,72.93014091474433,78.78674542343914,5.856604508694815
113.4,2.71,Elevated,110.77602191865519,115.43678820646653,4.660766287811342
58.0,3.42,Low,52.91102092281337,63.23744462191405,10.32642369910068
54.5,3.99,Low,51.549449824030404,60.26092096569983,8.711471141669428
51.7,4.8,Low,47.71929235955492,57.51571430801035,9.796421948455432
115.80502511466082,2.60886003272143,Elevated,107.97893401373953,118.83146917764546,10.852535163905927
109.18840634017849,3.373622299030633,Elevated,103.9309729442165,110.37574078154205,6.444767837325543
105.04179079950923,3.3666846841673865,Elevated,99.81591227539975,111.61347588653874,11.797563611138983
50.707871947242424,3.6837388007237104,Low,48.190581193175944,56.25280572775332,8.062224534577375
101.0,3.64,Elevated,98.20130487136656,106.89204221900978,8.690737347643221
76.86704400175138,0.8865408290280987,Normal,72.41033514187922,79.04855346903445,6.638218327155229
111.3054176817634,1.827716521929576,Elevated,108.83968268392529,116.79683934579927,7.957156661873981
79.6,2.31,Normal,73.71287166911615,81.991336642604,8.278464973487843
58.4,3.14,Low,54.17919675360215,61.10975817511889,6.930561421516742
109.28658934444921,0.8990078701260527,Elevated,110.50076724782859,114.67113117538915,4.170363927560558
58.297448882879834,2.673997368757669,Low,57.96453956716036,62.289548011558956,4.325008444398598
50.07086196493241,3.5519704692858234,Low,46.3708892420566,56.19142981024857,9.820540568191973
48.40134059849304,-0.4375827858617336,Low,47.283812450812555,55.384415408150474,8.10060295733792
111.67168810519784,1.882422129190412,Elevated,109.13781666680495,112.65245172417019,3.51463505736524
119.9,1.15,Elevated,115.46982059239426,125.0792452141666,9.609424621772348
52.056484015427536,5.842822634045458,Low,48.687981561473485,55.69492403334627,7.006942471872783
51.4,4.11,Low,46.31613128018176,53.90824205060754,7.5921107704257835
55.77368201209875,1.2453862186565305,Low,51.666674856030205,61.92426864440856,10.257593788378358
113.37041990699085,3.2900750102996468,Elevated,111.28109441286426,116.00954372090696,4.728449308042698
56.4,3.34,Low,50.79832777134668,59.88807234317113,9.089744571824454
70.0,3.87,Normal,67.70179742528092,73.43796460487903,5.736167179598112
73.97547257248891,4.582047778097194,Normal,66.33351941664212,76.28908490674576,9.955565490103638
73.66991955852967,-0.16451895564926988,Normal,66.63067791082605,79.277136875131,12.646458964304955
104.87915123933487,2.903546774502706,Elevated,99.80592987567836,109.12001901518373,9.31408913950537
69.82726470481887,2.8935796292586002,Normal,64.0386904689878,73.44477745983588,9.406086990848081
71.72331861072783,2.0468833662243426,Normal,71.48829210342743,77.05064254113225,5.562350437704822
53.26451660524285,4.747306041465308,Low,47.448098710069026,56.100675762197966,8.65257705212894
115.8,4.51,Elevated,111.70097427347105,120.7859656204721,9.08499134700105
114.5,2.85,Elevated,111.22798610011255,119.14078950687093,7.9128034067583854
78.5,3.01,Normal,73.23815428618066,84.15296221022588,10.91480792404522
49.8,3.88,Low,47.438840919782365,55.565859235106096,8.127018315323731
115.31610665401975,4.042304149389229,Elevated,110.92886628611608,120.42754349189705,9.498677205780979
60.4,2.71,Normal,57.235083439207834,65.79689364197671,8.561810202768875
45.92966246423314,2.927472658082679,Low,43.41528174617892,49.7518921846975,6.3366104385185835
68.04148815247352,3.01152023540541,Normal,62.037660206716225,71.83837779296083,9.800717586244602
74.1,4.08,Normal,69.18713460555256,78.40189671150351,9.214762105950953
73.56279069035068,2.865197251623699,Normal,65.02675976202137,76.10699648744546,11.080236725424086
72.5,1.7,Normal,68.45701078968973,75.49092395800463,7.033913168314896
75.6,2.6,Normal,72.23573459579896,78.07265931048661,5.836924714687655
86.1,1.2,Normal,83.86766555132719,88.50588617146413,4.638220620136934
79.347080695893,2.3497416959104274,Normal,75.20756024448053,82.45638210361918,7.248821859138644
74.3,3.94,Normal,71.3417524373321,79.7259593647533,8.38420692742119
113.88351182308774,1.1908249386759522,Elevated,110.82423639513384,118.25474196896411,7.430505573830274
66.3097326391878,3.620504418181942,Normal,60.55988518172961,70.57841593967024,10.018530757940624
73.6,4.11,Normal,70.56823348913937,78.54028417521553,7.972050686076159
54.6,2.41,Low,51.13455262682523,58.07086321223773,6.9363105854125
53.2,2.56,Low,50.93979362805889,57.50761553850544,6.567821910446554
74.07255842963437,1.949359208728331,Normal,72.63887584625066,77.38689821723189,4.748022370981232
112.9,3.81,Elevated,110.54602999179232,118.64461909664313,8.098589104850802
56.12419043439801,5.161478429473507,Low,51.13999539145402,60.816802229333796,9.676806837879774
67.5,2.54,Normal,63.41972791528876,73.36661927617467,9.946891360885914
72.84926428055144,3.0018248003616903,Normal,71.29062248728202,80.17098029689572,8.880357809613699
57.9,4.41,Low,53.86571723534119,62.449719605992826,8.584002370651639
80.8,4.63,Normal,75.02836118434992,82.984010568087,7.955649383737082
78.58703522814668,3.2396279301636532,Normal,72.236386007616,85.36370174916496,13.127315741548955
106.47936776469682,2.60822673701516,Elevated,104.31385075716416,110.39525584394086,6.081405086776698
77.1,4.85,Normal,73.66613708582291,81.90786750903081,8.241730423207898
57.4,3.96,Low,51.76271839168487,60.88063480102178,9.117916409336907
51.301137122954785,4.859302417397503,Low,45.58337765049176,55.928079942261796,10.344702291770034
67.51209194974965,4.642218402243934,Normal,60.305165140945014,69.96479050108049,9.659625360135472
111.28784488153048,0.7874856491430593,Elevated,107.49160724763145,114.06846286960328,6.576855621971831
113.90120009175753,1.5127795340769168,Elevated,112.57825227790886,117.41412159030675,4.8358693123978895
107.2,3.09,Elevated,103.4898359265658,110.06328410998738,6.573448183421576
54.85265862005787,3.277528644894904,Low,53.13485332911493,59.36803354827349,6.233180219158555
110.64246874856666,2.3641346602233035,Elevated,110.45801667994033,115.1291051094255,4.671088429485167
52.393055766127915,3.6104195717027667,Low,50.06704681881458,57.5694914975368,7.50244467872222
73.7,3.48,Normal,69.33642822724704,75.97744520350066,6.641016976253624
55.46489969208506,3.090085264866526,Low,52.08621221403498,60.26677779320009,8.180565579165112
105.4,3.65,Elevated,99.64200423374325,110.80454668606744,11.162542452324189
81.16118771727997,1.0952466264215974,Normal,76.47269320009353,85.02599127342013,8.553298073326602
117.2,2.52,Elevated,111.62976400604009,119.82574817068435,8.195984164644258
81.7,1.9,Normal,79.59832349302363,86.19156190327601,6.593238410252383
57.301863437017886,3.932053934503005,Low,51.85637316549382,59.70209248448539,7.84571931899157
115.11563597668123,4.7358712848276845,Elevated,110.38107422197176,119.08889976197369,8.707825540001934
74.8,2.15,Normal,68.85739818355759,77.08227498960171,8.224876806044122
77.38447258916953,3.4803018203149327,Normal,73.6056165635166,81.41036885062567,7.804752287109068
110.0,1.5,Elevated,106.83142140585913,112.37469907131236,5.543277665453232
75.56420438800191,1.7053272459174023,Normal,71.84003384490794,79.02955215107893,7.189518306170996
83.29711272252081,2.8302533459535413,Normal,80.80401495310505,86.07490469344374,5.2708897403386885
112.67325057270178,3.9256848219945293,Elevated,110.5902738460161,119.9564029968507,9.366129150834595
56.75713813009397,1.6495813281109637,Low,50.007392651186564,60.03538774199866,10.027995090812098
49.39036291169364,2.761320579909177,Low,45.38425315319376,51.28015775212429,5.895904598930528
73.0,1.1,Normal,68.60840008475566,75.67797098674437,7.069570901988712
112.9613532258789,4.993762778991868,Elevated,108.82121975657503,115.36453760085696,6.54331784428193
54.8,1.95,Low,49.25165430293953,59.803484271165985,10.551829968226457
58.1,2.76,Low,52.64758629649763,63.66002136727027,11.01243507077264
56.4,3.81,Low,50.76693645613339,60.412545034320345,9.645608578186959
108.0,3.9,Elevated,104.2393900250416,110.7084427176282,6.469052692586601
54.3,2.1,Low,50.054891209722015,57.74076256564505,7.685871355923034
50.9,1.97,Low,47.69648676073292,54.63540659695189,6.938919836218972
48.48914946959422,2.5031450008722747,Low,47.0643088696958,57.22675012786743,10.162441258171633
100.38290959171313,5.682396422714072,Elevated,98.57470106328012,106.68070613345878,8.106005070178668
113.5,2.11,Elevated,108.15879001764304,117.0444105512031,8.885620533560058
111.37531886021232,1.1863116520622166,Elevated,107.40508445041952,114.1049149493624,6.699830498942873
53.31659327896049,0.3565631858931749,Low,52.374767924063406,60.930838768391624,8.556070844328218
110.4,1.27,Elevated,105.47202423275439,113.04651485637847,7.574490623624072
76.50899566318883,4.778476159414985,Normal,69.54668566408391,75.84485430294794,6.298168638864027
111.8888010076522,4.03529623974104,Elevated,106.3658835482788,115.77849340956391,9.412609861285105
111.05870512570976,0.34173054858354956,Elevated,104.6494028172653,113.27802759567403,8.628624778408735
110.9,1.53,Elevated,108.15371976445586,113.59317728028338,5.439457515827527
51.91379541358061,4.172502733249476,Low,46.02532520003772,54.354242145274725,8.328916945237005
74.29540113571042,2.1958591159100367,Normal,69.30963388061137,76.01229807989243,6.70266419928106
77.1,4.87,Normal,72.26770968881581,79.74323220566998,7.47552251685417
56.59603270833527,5.286713966890338,Low,48.25018631207142,61.0841102107346,12.83392389866318
60.378478728188405,2.423377272678839,Low,52.88945299801117,64.02725366669249,11.137800668681315
52.0,4.1,Low,46.36973410429563,56.90436533489065,10.534631230595018
112.9,1.52,Elevated,108.53034172455183,118.46818622070846,9.937844496156629
76.1264233650707,4.1917930553996126,Normal,74.35528949599463,79.56918639153653,5.213896895541907
49.081506977627306,5.265722716823564,Low,42.570079606245095,52.957286378078614,10.387206771833519
68.31653084640354,2.4667531919262027,Normal,62.816862439324076,71.68073145196907,8.86386901264499
108.9153643552179,2.7600963841430697,Elevated,107.2029459249363,116.21042098397756,9.007475059041255
113.8,3.84,Elevated,108.21563480030602,118.65838369080025,10.44274889049423
80.25295997553891,4.35097163056429,Normal,75.98570647899133,80.83909581727423,4.853389338282895
110.06037150180622,4.105506734826693,Elevated,106.48389900740673,115.87958925962573,9.395690252218998
59.8,3.9,Low,54.290642586476075,65.30988805410821,11.019245467632139
78.05188301802855,4.977679869726606,Normal,74.16420407194538,78.66152936608958,4.497325294144204
113.57595665722125,4.21103884000446,Elevated,109.44637861641588,116.24974531883218,6.803366702416298
80.37549364144918,3.0273753918395463,Normal,72.54691405499995,81.5057062309719,8.95879217597195
104.74042085378335,5.302911897723113,Elevated,99.7908770249421,109.367428914627,9.576551889684893
73.72032458718452,3.906544273728228,Normal,70.7338136351739,78.16302712418542,7.4292134890115165
58.39656374509724,2.2902990885263725,Low,55.2898079186974,62.69303560483165,7.403227686134251
111.4,3.74,Elevated,106.49617728451905,116.83365100737205,10.337473722853005
75.29804954228703,0.9643824001228484,Normal,69.58634074985258,77.25775518872972,7.671414438877136
117.2,4.45,Elevated,115.05245221058188,121.66340039220887,6.610948181626995
68.5,1.34,Normal,64.00680749268977,71.85198062740615,7.845173134716376
73.0106220528673,5.723316036055353,Normal,66.8563743112331,77.1217328491816,10.2653585379485
112.1,1.72,Elevated,106.83111119919513,115.22813829028522,8.39702709109008
55.4761745994711,3.6859774669595184,Low,52.61405630992709,57.91889931732218,5.304843007395085
52.9,4.45,Low,48.3193088383622,55.184754593840914,6.865445755478717
79.6013622082015,2.835962890656889,Normal,74.60638823290442,82.54386683516208,7.937478602257656
59.87242501889509,2.081444125937239,Low,52.59742494987899,62.763465445892805,10.166040496013814
75.41741908436506,2.971542757709283,Normal,74.16381907618755,78.75026755281371,4.58644847662616
72.47012835437921,3.920836191224437,Normal,70.30828006699733,74.98165368772821,4.673373620730885
64.99635112665248,5.0896207893755046,Normal,60.151196853099385,68.58719004263233,8.435993189532944
55.52832596344256,1.7708108402412812,Low,49.740339227624304,61.67638631137627,11.936047083751966
72.8,3.53,Normal,69.5425760756947,76.96254048644042,7.41996441074572
61.4208722770255,6.213859619760715,Normal,60.09330564255564,68.2382485358791,8.144942893323453
73.35084256913615,3.4780418742539787,Normal,68.49721999487487,76.27300727441065,7.775787279535777
75.31617126560462,3.9473615012902963,Normal,70.52935895883145,81.45137486015943,10.922015901327981
70.74025802527173,2.421788473904889,Normal,68.19638613782504,75.21987551842243,7.023489380597383
78.81095026633194,2.289783855964729,Normal,74.09267703765825,81.71607451151185,7.623397473853601
109.27747636980226,1.881891067906436,Elevated,109.46379285889371,112.7700592189353,3.3062663600415902
53.97052589769617,0.8752966310822177,Low,52.10167369660287,59.20873479372699,7.107061097124117
52.8,4.15,Low,47.6804978165695,57.81817149633873,10.137673679769229
106.5288887430469,5.615327508453712,Elevated,98.45224269201115,110.63529580201113,12.183053109999975
64.52430125833277,0.8776718343654994,Normal,59.98636992914108,68.52544256240667,8.53907263326559
74.8,1.84,Normal,71.07221992543154,79.39853159618886,8.32631167075732
110.98610552676966,3.3584953701298157,Elevated,106.7406191231457,111.54613230032604,4.80551317718033
105.4,1.01,Elevated,102.65392595840059,111.02140256782425,8.367476609423662
52.07840892250608,5.726519471699682,Low,48.05937110199033,56.41760832638136,8.358237224391033
111.8,1.12,Elevated,108.76488007359993,113.86182646611547,5.096946392515548
109.46281356620811,4.541066005559717,Elevated,103.41184200502644,112.14182731115021,8.729985306123766
71.3927228443724,3.4916288129072157,Normal,69.83639847754729,76.58183147863441,6.745433001087122
49.3,4.45,Low,44.214918613256216,54.4931807158671,10.278262102610881
113.76974044022842,1.4282406760004993,Elevated,109.25610854771486,117.58042821549722,8.324319667782362
113.75506070962925,1.8248760136529256,Elevated,112.54944177411039,120.8313639761274,8.281922202017014
58.2,3.06,Low,56.117662022816795,62.39493515746635,6.277273134649555
72.83974172605389,0.8161105176648668,Normal,72.28898204140627,74.88832336056687,2.599341319160601
107.89243197863723,2.1742252505874284,Elevated,107.36063223041498,114.73805288572436,7.377420655309379
51.92333615869636,4.438539275240569,Low,46.82472912714113,57.25875981765685,10.43403069051572
69.05289211105973,3.847494768417256,Normal,66.17931987698353,74.74167815718357,8.562358280200044
113.74345651069989,1.4440615172046036,Elevated,109.13820091847711,116.18810398175995,7.049903063282841
77.2,4.35,Normal,73.91687974011306,83.04476225529567,9.127882515182606
109.87855336051567,4.259829369446609,Elevated,104.15777166427189,113.81657864772654,9.658806983454653
110.0,4.63,Elevated,104.12166148894177,113.17779556827834,9.056134079336573
74.3551558764186,4.592534693759479,Normal,71.921042581637,79.33197800145088,7.410935419813882
75.24209617110743,5.150205928223663,Normal,70.10660389888291,78.25269315576534,8.146089256882433
73.9,1.53,Normal,70.68303102816185,77.20159879263707,6.518567764475222
107.98949884093064,4.91559216447005,Elevated,107.19822068002371,113.08963493415074,5.891414254127028
53.155640239633534,1.860067630525231,Low,46.10765091842656,54.60199637018436,8.494345451757802
74.4,2.26,Normal,71.18154492330652,77.52308944976343,6.341544526456914
117.4,4.63,Elevated,112.84977011457916,121.57057853883032,8.72080842425116
52.6,1.52,Low,48.195539953027165,54.62024633538488,6.424706382357712
55.6,1.92,Low,51.89156884549497,60.55158766678308,8.660018821288105
72.6,1.6,Normal,67.0206905982894,75.86768802062511,8.846997422335704
54.30389754119828,2.594414913517311,Low,50.482171358892124,58.720283739890924,8.2381123809988
55.3,1.5,Low,52.3028310834045,61.20340831785013,8.900577234445635
109.63116582320482,2.4434519114786566,Elevated,106.6803789762826,113.57558197257387,6.895202996291275
119.6,4.39,Elevated,114.01113696818669,123.2504707076457,9.239333739459013
87.16745617223475,3.9418783402699162,Normal,83.0575924671177,86.30272571063827,3.24513324352057
111.7,1.9,Elevated,108.45607071313735,116.0131205639847,7.557049850847349
51.04521419584069,1.3701582070170994,Low,49.57903649641806,57.95870720272165,8.379670706303585
55.6,3.42,Low,51.7111402993522,59.96333304227605,8.252192742923846
51.0,4.17,Low,46.909068682472025,56.07997421239445,9.170905529922422
56.38207642643815,2.428205511248643,Low,50.401933936298875,59.51115811775723,9.109224181458359
52.86296408628088,4.333835193065546,Low,50.62568278532109,56.304171892656626,5.678489107335537
77.0,1.69,Normal,74.86244591553913,82.65945756088179,7.797011645342664
73.50845052586618,2.7796451769379797,Normal,66.33577952376888,76.37027328240143,10.03449375863255
52.79883555165691,5.316806040086968,Low,51.34153182690578,61.11035006837902,9.768818241473241
79.9,2.85,Normal,74.18120939062972,82.00140297366184,7.820193583032122
83.30497064730075,0.540928027930571,Normal,76.3865092170662,86.93563183059132,10.549122613525114
74.4,3.79,Normal,70.21315888262689,80.25447990835701,10.041321025730127
60.12743440666809,2.5013484789762193,Normal,56.35347595671226,63.227462299290416,6.873986342578156
114.37000990756407,3.6773530019594087,Elevated,107.61501058441971,118.04746186086429,10.432451276444581
73.3,4.71,Normal,67.45021082023155,77.26646350046732,9.816252680235777
55.1,4.55,Low,50.33624904759014,60.47950124387782,10.143252196287683
51.1,3.51,Low,45.412503059907536,55.3272050498334,9.914701989925867
105.68802747940538,2.444453267186579,Elevated,102.32974045487562,110.97851039049833,8.64876993562271
114.92891345949556,0.849003669018153,Elevated,109.72572624850433,119.33316736070755,9.607441112203219
72.06952125681275,4.930482438271226,Normal,71.54712702905209,79.48547790222912,7.938350873177029
70.77526594592919,3.0007356064451973,Normal,65.17895666633683,76.92478596191123,11.745829295574396
113.19795897599708,0.8127120500439219,Elevated,107.45204785443178,111.76278614837423,4.31073829394245
54.46766974907489,4.5367793541652395,Low,52.86385224879988,60.58025415539322,7.71640190659334
103.7,1.12,Elevated,100.40718827191698,105.86291520927588,5.455726937358904
113.32504603116645,5.425124275217288,Elevated,107.70434163296089,114.78770347312462,7.083361840163732
59.33056108659045,4.93133999426431,Low,55.547078928821264,64.38801708250494,8.84093815368368
71.3,2.55,Normal,67.74529084124207,75.76002890679668,8.01473806555461
75.00302526677778,4.6348674284667215,Normal,70.12043074650816,76.3982349965768,6.277804250068641
50.5,3.6,Low,47.92042051163511,55.13477452647578,7.214354014840673
78.43967497473069,4.608468861734833,Normal,75.25887581671628,83.06751996393432,7.808644147218033
112.5411579584478,4.325175105229589,Elevated,108.72265056479321,118.5409828316453,9.818332266852082
121.9,1.24,Elevated,116.98157528664775,125.76239207252985,8.780816785882095
110.2,3.32,Elevated,107.40513727386332,115.44045357871673,8.03531630485341
103.98479748048248,-1.0700175608469011,Elevated,102.55108179526452,111.96991077154092,9.418828976276401
67.14165228071384,1.6835440074739216,Normal,62.03149129924814,72.03169210822179,10.000200808973652
110.7,3.89,Elevated,106.16759417090694,115.80565184296799,9.638057672061052
46.870235696827194,6.110830297119533,Low,46.00415833837245,50.45663264936193,4.45247431098948
73.56090643383168,4.917612688228065,Normal,68.5621985340422,78.8655858356167,10.303387301574503
53.957124933356305,4.482789721040756,Low,49.5526118722925,58.046253485396356,8.493641613103854
105.8,3.0,Elevated,101.74306224634554,109.37239089866704,7.62932865232149
52.9,3.98,Low,50.01156875811708,57.931384441857475,7.919815683740396
72.9,1.05,Normal,67.15308004505307,78.15787393035575,11.004793885302675
62.1,1.11,Normal,57.41145781037649,64.20604524216648,6.794587431789992
51.49159404510625,4.5685634933715225,Low,46.37251647521721,56.30225998210939,9.92974350689218
110.04444235102937,4.743188502096978,Elevated,107.36260018740731,115.34002755701998,7.97742736961267
54.15246021271409,3.378656990269028,Low,52.051950881984524,62.15343966200034,10.101488780015814
114.97103683141802,3.5844528074503006,Elevated,113.01912988697516,118.9740654737841,5.954935586808929
49.2,2.24,Low,44.15685980553241,54.49040224263864,10.333542437106225
112.8,4.64,Elevated,107.65929615442795,115.77595857351633,8.116662419088385
118.1477959565291,3.7862197609379304,Elevated,112.8836326304461,123.63635509073004,10.752722460283934
74.0,2.92,Normal,71.2727001311716,78.84871688539015,7.576016754218543
74.10732389624361,2.7381127495476405,Normal,67.10881262855273,75.62422647777524,8.515413849222512
108.5,3.97,Elevated,105.59401689920824,113.23202709366542,7.6380101944571805
114.52557133640943,4.5516962085334605,Elevated,111.42131676706528,119.61078776763411,8.18947100056883
45.477458527828865,3.72404808079997,Low,43.68928702641687,49.152876412120335,5.4635893857034645
77.1,1.04,Normal,73.97626196125047,82.60949228771182,8.633230326461344
57.410345002941575,4.201127668958601,Low,52.20039991856452,57.60392448568879,5.403524567124272
54.81612472857769,1.7709927951563325,Low,51.77760103737668,61.74014739417595,9.962546356799272
112.00568920964197,1.5974540146960365,Elevated,107.69246140965113,113.65785095850634,5.965389548855214
104.4,1.64,Elevated,102.33364868428858,106.47288730260621,4.139238618317634
53.538623649837646,3.3154650703577873,Low,49.68486476313925,58.13308500177402,8.448220238634768
59.0,1.31,Low,56.79408499500004,62.498450458505886,5.7043654635058445
82.12024573948625,0.5143328010061636,Normal,77.40407630813073,84.75720180310974,7.353125494979011
49.9,1.12,Low,47.16058217789789,55.31203782186944,8.151455643971545
84.8,4.96,Normal,81.37298669322564,88.87331860945494,7.5003319162293
113.49120944369665,1.0158958995015528,Elevated,108.99797488535935,116.97134158279603,7.973366697436674
75.61368857595664,1.9160093330978352,Normal,68.41025172117368,78.1498742904142,9.739622569240524
74.45141119864749,-0.4916156647654941,Normal,72.49178058541631,76.4353152241419,3.9435346387255947
108.89928284205666,3.9037830409601155,Elevated,107.9046259416923,114.75859731492797,6.853971373235666
114.7,4.17,Elevated,111.61460387290442,120.66021540041706,9.045611527512634
113.39176343293792,2.627149085194108,Elevated,109.28014372059977,114.07938524668032,4.79924152608055
42.4,2.03,Low,36.70122552688575,46.915771387119534,10.214545860233784
109.21145426519483,4.049657857527587,Elevated,105.13557995902133,112.43406761592398,7.298487656902651
114.3,3.11,Elevated,109.02794093631002,118.5174162100456,9.489475273735579
72.10314096732738,0.4311037342582802,Normal,67.969630588127,76.50192916368434,8.532298575557334
111.2,1.38,Elevated,107.89926671189302,113.34376909518697,5.444502383293951
59.47619692815497,2.3079726587925715,Low,49.95387578815486,59.492727583154455,9.538851794999594
78.2,1.62,Normal,75.28825934983223,84.01946112265279,8.731201772820555
79.2,3.27,Normal,73.39714277436033,81.5365598599802,8.139417085619868
52.05869156941923,5.9835739908222045,Low,49.21631961578078,57.100024679476846,7.883705063696063
86.7,1.47,Normal,81.49121207698384,91.50993633594844,10.018724258964596
114.42996080644465,3.8727651758444015,Elevated,112.92334552892969,116.85928531017626,3.9359397812465744
52.38419013113138,2.486817482013927,Low,50.753561494899735,58.36490524099348,7.611343746093745
83.02476820633231,1.9255354518617782,Normal,79.12360912563453,87.89422424618924,8.770615120554709
116.9899833016249,3.333414195746153,Elevated,116.18315551919638,123.35038825523426,7.167232736037889
74.44236491625912,6.0156746869844735,Normal,71.0837678487437,77.41534970382362,6.331581855079918
73.9760480398964,2.2780347259617253,Normal,72.22528697421035,76.79539655401524,4.5701095798048925
62.743353931054074,2.213666942525805,Normal,56.09961768221232,63.30153055317705,7.201912870964733
54.9,3.04,Low,49.351149029694696,58.046165008513135,8.69501597881844
50.41925572542945,6.67737167206416,Low,43.22679257743219,56.76245207630594,13.535659498873748
73.7,3.78,Normal,70.22886746912299,77.2526797048261,7.0238122357031045
57.420479242687406,0.4565859602503458,Low,56.36676031243187,62.301020919863845,5.934260607431973
73.13031906824261,4.180281574959703,Normal,69.10846589619872,76.1199205650502,7.011454668851471
122.4631531021067,1.2180875472064467,Elevated,116.85068772208342,125.02219138063369,8.171503658550265
69.8,2.94,Normal,65.65690126370096,73.98246715726374,8.325565893562782
76.70792436696968,2.2651546970628886,Normal,71.8547419371878,78.02245995690578,6.167718019717981
67.4,1.48,Normal,63.2426310323374,70.4009715926584,7.158340560320994
109.43283683206461,0.04657350272559402,Elevated,106.504585112797,112.54861515514612,6.044030042349121
108.8,3.63,Elevated,103.57023937934375,112.99690665882449,9.42666727948074
80.21529842848292,-0.5812949865652017,Normal,80.46889970883787,86.33339707041891,5.864497361581044
104.57072629294419,1.2023162273279104,Elevated,101.10062926366129,110.86159085031457,9.76096158665328
114.2,3.81,Elevated,112.1779115315056,119.66828927432041,7.490377742814815
70.1206472259948,6.463571503858862,Normal,69.34128608469842,72.62460995709012,3.2833238723916907
85.47127601450029,2.745145288711121,Normal,84.02129147632444,87.32944981673904,3.3081583404146073
115.3326481736309,5.553713869390598,Elevated,115.3067014147168,122.34996639836044,7.043264983643638
76.0,2.14,Normal,71.95162776680287,78.37777184302371,6.426144076220837
77.67682809432411,5.963969820727444,Normal,73.01771811311102,85.08774678064692,12.070028667535908
59.42944824538367,1.0531896915809664,Low,55.2560492872346,61.49913770085575,6.243088413621145
55.49036610251002,2.2612201774877883,Low,52.28826661746555,60.94812248120878,8.659855863743225
108.6,2.35,Elevated,106.29208036068482,111.6833290050483,5.391248644363472
74.0,1.88,Normal,70.6764079005894,77.50233181055978,6.825923909970385
58.810416942425256,4.278568868094916,Low,55.61772068848974,64.0267106261784,8.40898993768866
53.15837396571308,3.2319784883569316,Low,48.314444447693546,58.08011210392233,9.765667656228786
71.11599577119799,1.7417546765937133,Normal,70.45101464114529,77.54561811058862,7.094603469443328
108.33915757286168,4.1443635483872034,Elevated,104.19929774399566,110.04147877190555,5.842181027909888
55.46675592691882,-0.10633509522137197,Low,51.5447999470381,59.065531375929595,7.520731428891494
77.303485399168,3.8222630247968787,Normal,75.36741488873106,83.26770134400336,7.900286455272294
78.28521029151088,4.663943494857119,Normal,72.64271777547226,82.75031743393696,10.107599658464693
86.0,2.19,Normal,83.74576659885591,88.37592775936348,4.630161160507569
82.30989496104965,2.491363941612697,Normal,76.59885240056705,86.05798680645877,9.459134405891717
54.7,1.37,Low,52.514198349120015,59.224554503989054,6.710356154869039
43.2,3.26,Low,38.761742664080415,47.74037460347058,8.978631939390162
59.2,2.25,Low,53.337471867701765,61.98097195119218,8.643500083490416
117.11496369149667,1.6288918276973008,Elevated,109.80631822361532,119.7246080595246,9.918289835909277
72.53520861304455,2.0625660679647857,Normal,69.57374383682426,74.79950924524242,5.225765408418155
43.6,3.9,Low,41.16843429202678,45.941389859975075,4.772955567948294
78.38205484363304,2.4956089233862615,Normal,73.15832936846179,81.68889979176448,8.530570423302692
114.0,2.93,Elevated,111.60931154397447,116.09726386572582,4.487952321751351
82.1,1.17,Normal,77.44991086258406,87.8132742503509,10.363363387766839
71.21701573011796,4.9273884283387135,Normal,65.14711574283928,74.92054551595554,9.773429773116263
115.1,2.83,Elevated,112.62162301624679,117.22200099975619,4.600377983509404
54.42094235381768,1.0053093124635697,Low,48.660351087847495,58.06065993943241,9.400308851584917
80.58447723054157,1.735931015046676,Normal,72.50547009492304,83.54207231865729,11.03660222373425
112.1428777287528,2.2958951218474986,Elevated,108.66318308983206,117.22137879496921,8.558195705137152
50.864803061537515,2.6616206809508673,Low,46.39998499325209,55.64730990877863,9.24732491552654
104.9,1.77,Elevated,100.3663849739583,110.24392048204882,9.877535508090517
111.61135991461191,1.865226777129347,Elevated,106.53584896648745,115.80753752945922,9.271688562971775
118.11970887176474,1.2952131594247658,Elevated,115.43003838004793,122.10079082422362,6.67075244417569
114.52815349039011,2.173762467838542,Elevated,109.66151734147306,119.04195932825942,9.380441986786366
72.09090349618528,5.234040461002768,Normal,66.5654909624881,77.10845559604583,10.54296463355773
111.58197404862182,3.7171786606692487,Elevated,107.53423452532176,112.76873054636317,5.234496021041409
115.7,2.1,Elevated,110.96306789395138,120.28188918362868,9.318821289677302
59.0,2.87,Low,55.99287081669854,62.893887083122266,6.901016266423724
110.55130357588779,5.399725798448429,Elevated,104.93681862514086,117.07628290362621,12.139464278485349
81.3,2.76,Normal,76.08531169240354,84.93581177765708,8.850500085253543
51.899213617582404,2.1390092610602762,Low,50.532697016480945,57.39036673243775,6.857669715956803
120.12738371569247,4.091696505448553,Elevated,114.09845194219525,122.94822103172419,8.849769089528934
80.35396537731188,3.7781238351347164,Normal,71.22255484951756,83.68979734375442,12.467242494236856
102.03882614511193,6.155546207874226,Elevated,97.68039105202988,104.1779349185187,6.497543866488826
59.3,2.21,Low,55.31100597643046,61.99280747964006,6.6818015032095985
51.376181480510944,1.6605865885489974,Low,51.38436685872019,56.384725110538454,5.0003582518182625
57.531916892218845,3.6116982128604427,Low,52.236629011035625,58.72519373296875,6.488564721933123
53.8,4.85,Low,49.40536606321185,59.394216754108314,9.988850690896463
107.6,2.51,Elevated,105.03630310010094,112.38806296398107,7.351759863880133
54.3,3.47,Low,51.9275889287764,60.26202056800269,8.334431639226288
54.73855151535089,0.8958256835700964,Low,51.46250346102031,58.53605099606188,7.07354753504157
52.02057380412246,3.3392240801070154,Low,50.22654614997398,57.36003450912499,7.133488359151016
53.96571198444404,0.1553145747560658,Low,50.721573512485016,61.28948118284381,10.567907670358792
113.7,2.44,Elevated,110.20183952461055,118.26812658461715,8.066287060006601
107.0,2.93,Elevated,104.55979230188929,110.11973558778377,5.559943285894477
107.9,3.85,Elevated,103.88928390708456,110.08121603908819,6.191932132003629
52.04370266808427,4.92441538825746,Low,46.16979425570526,54.960377905405515,8.790583649700253
73.3,1.93,Normal,70.05315569564236,77.01273659326925,6.959580897626893
72.52428658177939,3.3512333521387467,Normal,68.32742398959437,76.15554575543436,7.828121765839995
110.34096818186127,5.443393915117136,Elevated,106.78884073401207,114.04557820780192,7.256737473789855
112.4,2.32,Elevated,108.22921566736701,117.36307447101683,9.133858803649815
112.98311283537505,0.7296290559299731,Elevated,108.83027617622088,114.17324302441844,5.3429668481975625
116.40349704134242,2.9508402443337483,Elevated,112.31106018046056,120.18191504790919,7.870854867448628
55.61294125079149,4.782676357913794,Low,50.242483598067466,61.512455977106434,11.269972379038968
54.19978444898646,2.4830788739725707,Low,49.87201329651781,62.68053422252868,12.808520926010871
80.28138055189551,2.476890998764746,Normal,75.62236262697817,83.49125433413228,7.868891707154106
77.38598016618828,3.637704643234384,Normal,72.36279330098208,82.65047907748776,10.287685776505683
56.52641121902289,0.4395684329537407,Low,52.41242467945656,60.22470689435622,7.8122822148996605
53.4,4.95,Low,49.94548159048282,57.2966953163493,7.351213725866479
65.4,1.33,Normal,60.377795445827815,68.69182589176499,8.314030445937178
113.75747323458266,2.09645045195254,Elevated,109.15660273590707,116.2070914718717,7.050488735964635
111.14197059800986,2.352290994374955,Elevated,106.4261305161334,112.42038993158738,5.994259415453982
66.7,4.89,Normal,63.585414143053555,71.20343966285695,7.618025519803396
78.41883862109077,2.589209476526304,Normal,74.8443651042084,81.75416177332256,6.909796669114158
57.40449266353051,5.854311583712345,Low,54.59583059185092,62.17780760491939,7.581977013068467
55.48749300570072,3.9811359773436226,Low,51.43792776637146,59.14644513882848,7.708517372457024
121.1,1.44,Elevated,116.27257062460953,125.14536959544374,8.87279897083421
59.30701890191055,2.1981362579602615,Low,51.60297175131966,59.6754930088175,8.07252125749784
49.99084238291488,2.5643688089231693,Low,47.54614483815201,51.28379608004721,3.7376512418952004
49.92624619969183,1.7691846258063153,Low,48.942861464028915,55.7947851195929,6.851923655563986
52.8,3.12,Low,50.311847060620885,58.56183433741165,8.249987276790769
66.2,4.23,Normal,60.404457850986674,70.17007077527546,9.765612924288789
59.5,4.4,Low,56.949916223416025,62.6274190990936,5.677502875677575
105.3,3.54,Elevated,100.76588115695643,109.13301156196606,8.367130405009632
113.93481408679557,2.697996992120066,Elevated,111.06715642663093,118.11729096401059,7.0501345373796624
64.3,4.62,Normal,61.33259083639819,69.52733895706905,8.194748120670859
54.57346089160256,0.8157208694101068,Low,49.191088538389444,53.31219781382646,4.121109275437014
119.3728422953733,3.7863740486179234,Elevated,113.37815449004324,121.84916788429564,8.471013394252395
109.5,3.49,Elevated,106.531778913954,114.06967711282526,7.537898198871261
52.115860648189006,6.077729428744459,Low,47.889600712960814,57.65001270306651,9.760411990105695
56.841713959652346,3.170268717174865,Low,52.87557494534511,61.09881805863882,8.223243113293712
107.9,2.35,Elevated,102.98397132783606,111.9060651787488,8.922093850912745
53.9390125207441,1.4725886565404933,Low,51.81196681381895,60.53670164199554,8.724734828176594
81.35655894958917,4.046148455106442,Normal,74.57271619156472,85.25686411098924,10.684147919424518
42.29988434192609,1.9308541728384836,Low,38.001593391822496,47.30521800561583,9.303624613793332
42.38151035871341,3.4198774102037066,Low,39.54997645834651,46.35762622690267,6.8076497685561606
114.61665777645473,3.474587856305809,Elevated,108.03099153925731,117.3067456054329,9.27575406617558
73.26013571238458,5.690804588458785,Normal,71.32213837458292,78.55923716659044,7.237098792007515
74.14318297207427,2.682116101268378,Normal,68.6504593004099,79.28021739033967,10.629758089929766
54.920758083286564,3.560503392887938,Low,51.631228354773214,59.844282326454746,8.213053971681532
50.04536311113391,4.344085718608303,Low,47.12104942967442,53.99948915407679,6.878439724402369
109.9056333389817,2.539525993674656,Elevated,106.99731418779477,114.73718205615326,7.739867868358488
110.4,3.16,Elevated,107.09867867694695,112.78870597508308,5.69002729813613
72.65414324015005,2.075999756677331,Normal,71.08910498385144,77.8657962272931,6.776691243441661
73.1,4.37,Normal,69.74953931438549,75.56429056202767,5.814751247642178
110.74098835227714,1.4027806982641553,Elevated,105.51118813711625,112.88233544475796,7.3711473076417064
110.92971855327056,4.471215493342874,Elevated,105.14401283789432,117.53190092114987,12.387888083255547
113.07396632916958,2.5301369992254443,Elevated,108.71098718882727,118.15963661903467,9.448649430207396
53.2,4.5,Low,49.081397686575976,58.20245900656344,9.121061319987462
70.19209038063265,4.674803178733805,Normal,66.06507243398157,73.93256035320013,7.867487919218561
73.9,1.39,Normal,71.42053853066527,75.95757395451903,4.537035423853766
53.860775231722144,2.803307664128366,Low,50.666329381604065,57.556290376832266,6.889960995228201
113.2,4.35,Elevated,109.24218895888976,115.85173770832571,6.609548749435959
111.81801960796112,5.099116709781063,Elevated,104.88575756743805,112.94079639721818,8.05503882978013
51.54889022765222,2.5302769292882035,Low,46.429531343454364,52.95463743758784,6.525106094133477
53.2129515379541,5.286174920189202,Low,49.87129776661385,58.51749949574505,8.6462017291312
106.7,2.1,Elevated,103.30316170154936,112.42302930241426,9.119867600864907
105.40616397339771,0.7688593061791611,Elevated,101.47703877061802,106.59717612645261,5.120137355834586
104.0,2.0,Elevated,100.33035598740489,107.42389071460505,7.093534727200165
60.0,2.49,Normal,56.175720063131855,63.0608094707269,6.885089407595046
60.6420151440678,4.575003233997474,Normal,59.69085963877039,67.34141964565481,7.650560006884419
71.30203703129868,4.9972060935318385,Normal,67.57702635440144,76.2410678794757,8.664041525074254
48.9,4.28,Low,43.45707766697463,53.34688298493741,9.889805317962782
120.80189473064704,1.373123675522733,Elevated,116.42060238276922,122.7114673388957,6.290864956126484
48.4,4.39,Low,46.219090844357844,52.68024468035746,6.4611538359996175
74.02375148199775,2.097507905693561,Normal,72.86615818839859,78.59388323487377,5.727725046475186
79.5,2.96,Normal,74.95435835494487,83.6254185262726,8.671060171327724
73.4264148416599,1.4949397381404936,Normal,70.37631393935202,77.01335032313062,6.637036383778607
52.08617818232412,3.6269884697047754,Low,48.18712298215563,55.01548530539366,6.828362323238032
74.4,2.05,Normal,69.87077667762568,78.97315287376942,9.102376196143737
104.51585162048909,0.682334330197295,Elevated,99.41716203561072,105.82613890358043,6.408976867969713
75.8,4.34,Normal,70.75352153868512,80.14310232509385,9.389580786408729
110.7,1.16,Elevated,106.25258842111049,115.33045156920137,9.077863148090884
106.75915762721057,3.2768348177868027,Elevated,100.52410901598412,110.54176329708497,10.017654281100846
54.9,1.08,Low,51.984807338033505,60.08074477907481,8.095937441041308
73.2,4.87,Normal,67.88504996339229,75.7603360609461,7.875286097553811
52.9,3.82,Low,50.87219147787523,56.57840024971116,5.706208771835925
55.8,3.43,Low,53.06638196058626,58.748996349987195,5.682614389400932
110.2265738072995,5.188659734164336,Elevated,105.54978149165032,116.26134151163524,10.711560019984915
104.35315762322267,2.5714806965769847,Elevated,100.38875745950756,107.96030744700009,7.571549987492531
72.79309650585824,3.3610798807514533,Normal,68.88349901688748,77.40905782774438,8.525558810856893
81.2,1.19,Normal,75.32036059135203,85.96758079077078,10.647220199418754
63.5,4.88,Normal,59.42483751302653,68.92184233604402,9.497004823017491
53.1,2.87,Low,50.417903505250834,57.110548372420766,6.692644867169932
110.89030704985154,0.8536826714772968,Elevated,108.16054150415329,113.03278900776226,4.872247503608975
104.9089659987695,4.331649147922791,Elevated,101.16599563160464,109.70838118915843,8.542385557553786
74.86470458493352,6.4354162750554655,Normal,67.59446084304894,76.96337055607263,9.368909713023697
114.26193761110683,5.093656499224737,Elevated,112.15600314974579,116.32077497205499,4.164771822309206
87.15142537446474,2.537402636642329,Normal,83.14418291744163,86.24595088378054,3.1017679663389117
73.97852503762535,3.787815065629137,Normal,69.93616175190807,76.80262132025067,6.8664595683425915
60.147207829369606,2.3826740044034236,Normal,54.90289545107035,62.63438244561373,7.731486994543381
104.2,2.45,Elevated,100.55846830785748,108.26520139320479,7.7067330853473095
116.1,3.16,Elevated,113.40253428398003,119.37590252117504,5.973368237195004
53.51548280251085,5.001145529257608,Low,50.67999345711514,57.40143210103934,6.721438643924202
109.30094226144607,3.6246773385647595,Elevated,106.00989978165957,110.9551722289805,4.9452724473209315
75.8,3.7,Normal,73.67428325725307,78.00672688467442,4.332443627421355
56.5,3.19,Low,51.03529541690026,61.15400707643222,10.11871165953196
